"","matrix.0..ncol...1..nrow...200.","I","IT","IW","IF","IMar","IPeb","IPew","IFWtd","IMarWtd","IPebWtd","IPewWtd","I_coef","TI_coef","WI_coef","FenI_coef","MarI_coef","PebI_coef","PewI_coef","IBogWtd","PewI_coefW","FenI_coefW","MarI_coefW","PebI_coefW","BogI_coefW"
"1",0,0.585800305008888,0.75326554174535,0.887765484629199,0.00225862395018339,0.118579839356244,0.0500178723596036,0.0156513161491603,0.753670846344903,0.551138206617907,0.0150596490129828,0.336330355843529,1.6386800588947,0.00302048265766857,0.00951859506092858,0.28409413856224,0.58836262950898,-0.209923760664356,0.343280241416749,0.475930829532444,5.93841115187926,-7.40964719169926,0.680115369160469,-24.2482198359082,-2.17988457290813
"2",0,0.00894579570740461,0.792965770931914,0.279371149139479,0.741198022151366,0.329432935221121,0.571354866260663,0.164787644287571,0.05442607216537,0.52862510853447,0.629585052607581,0.0150319740641862,1.64396892968926,0.00278386099004783,0.0106260965478059,0.292461275182107,0.565425771093396,-0.228971035490786,0.119356543328423,0.0913883973844349,0.541488041206345,2.61289785852198,-4.81690848017147,-14.5823411934249,-0.688787077365266
"3",0,0.293739611981437,0.454177575884387,0.0608351964037865,0.934665501350537,0.675898252753541,0.206114920554683,0.28340959828347,0.220171777298674,0.961778956931084,0.0714352792128921,0.398113432805985,1.64894898274366,0.00173521476013473,0.0107314971146343,0.291211091292664,0.582127948263203,-0.231822412305254,0.382476380922151,0.771997609408572,3.82634343832817,-7.85036688462502,15.4331247305778,-18.3538600011741,-22.6300345023909
"4",0,0.277374957920983,0.360822065500543,0.785094481427222,0.737283812137321,0.583247231785208,0.0723278282675892,0.29978303425014,0.137714575743303,0.739533252082765,0.493620701134205,0.231245155911893,1.63122841843665,0.00246925613536291,0.00911571859102337,0.283720174883164,0.57614138375293,-0.24090026113859,0.30827077626259,0.798120765248314,-1.55727371420842,13.0377645644966,4.73767323208234,-33.1957962860285,-0.320594731974063
"5",0,0.813574214931577,0.360742370365188,0.381232259096578,0.92539881542325,0.405829149764031,0.0466501587070525,0.770660598762333,0.691278759157285,0.638232225785032,0.307779516791925,0.666217528749257,1.65566493971929,0.0027245847408234,0.010301055756568,0.296195081523189,0.596573459608721,-0.23716583755112,0.220202817956614,0.857295229565352,-6.49303480590111,0.31100988930748,-4.15451451350726,-18.485203473965,-45.4789717855554
"6",0,0.260427771368995,0.0611685337498784,0.460722213145345,0.152769981650636,0.773614717414603,0.916780173545703,0.0426538726314902,0.024925553239882,0.296814645873383,0.0961137644480914,0.459676884813234,1.61725705247208,0.00322746535284336,0.0141137188572709,0.289512844816366,0.589691292570073,-0.213767983505634,0.303581625657596,0.948003398487344,4.45340196354775,6.84487365507186,2.59158359088033,-24.7156993866076,-15.5243822255149
"7",0,0.724405892658979,0.457881778711453,0.850645924918354,0.693350262707099,0.791651152307168,0.664277244592085,0.407958165975288,0.871452515013516,0.958487448748201,0.761816519778222,0.702330317115411,1.64255557956555,0.00247515777496092,0.0106493853382515,0.286886520891932,0.57556462338496,-0.214701107819292,0.314880636871363,0.64428873732686,-8.38124406094815,-10.8281402878854,8.53231777849176,-13.0668064822079,-21.7011981273987
"8",0,0.906092151300982,0.487117363605648,0.884556270204484,0.0200896670576185,0.687448746524751,0.601417059078813,0.586028434569016,0.911189388483763,0.3105204035528,0.371941808843985,0.973927347455174,1.64430698751371,0.00187293188247236,0.0122167503297294,0.292827675387705,0.591549352993634,-0.230932832491693,0.192413719379063,0.675379175227135,-14.2928797540765,-5.67137966660506,3.91729474891649,-18.0737229887918,-5.21847787441348
"9",0,0.949040221050382,0.517899634083733,0.221290613058954,0.224437102442607,0.232495101867244,0.363624769030139,0.089007027912885,0.0512626098934561,0.0506582621019334,0.2494554547593,0.256639288272709,1.65166233497296,0.00261812484369542,0.0104825311227781,0.292413480583625,0.572820630270026,-0.2436581905095,0.317203937958066,0.47739370400086,-9.56408068128879,2.04957343525337,6.4179246900747,-10.2861417199836,4.70821349782176
"10",0,0.073144469410181,0.0369176401291043,0.025402826955542,0.259874172974378,0.0715855886228383,0.52924118260853,0.197083089267835,0.493143260246143,0.760193874593824,0.663754584966227,0.947661628015339,1.65317874786126,0.00224288484331297,0.0109813259218126,0.274865644007262,0.576211924510497,-0.24324967329036,0.403538164985751,0.611171222990379,-3.31258578308842,-3.56728107362683,-26.7223716072523,-43.8473928754483,-23.4747887664583
"11",0,0.754675026983023,0.0421581247355789,0.936329609947279,0.598411687184125,0.0141076012514532,0.479132158914581,0.211318163201213,0.380543932784349,0.765225774375722,0.606145863654092,0.184675334952772,1.65238313713403,0.00136355155854947,0.0101316730590367,0.284422045184993,0.58591912085439,-0.240033006966838,0.310125862496353,0.412830585381016,9.73306175278061,2.97509722287526,19.3590128565702,-49.2229080922482,-14.5590591675597
"12",0,0.28600062080659,0.901331109460443,0.639012181200087,0.346487309318036,0.715455057332292,0.30547263729386,0.743943577399477,0.251685672905296,0.0212107331026345,0.552970149787143,0.12449036561884,1.64050879066236,0.00230973113953903,0.0127118267128124,0.289550889977233,0.573564228022028,-0.222671242878301,0.379552813114403,0.64274017768912,4.19090145353504,-18.838761469437,8.70734654519482,-14.7095271837124,5.64246917347117
"13",0,0.100053521571681,0.940120626939461,0.00771582266315818,0.375677720177919,0.841717053204775,0.391787073807791,0.945738910231739,0.533737569348887,0.235778683098033,0.184968718327582,0.284756986191496,1.65029567284665,0.0018526186486092,0.00818101580357489,0.281131525573012,0.58270890242025,-0.232223335044447,0.412956199699906,0.292150700930506,1.29911585587859,-14.846712331241,5.86376765186047,-7.60993134457909,-24.6773421134047
"14",0,0.95406877505593,0.62837514677085,0.000215857522562146,0.925401290180162,0.911889425944537,0.224828484933823,0.498699832474813,0.193871886702254,0.630005883518606,0.420781465014443,0.725056865718216,1.6560918610618,0.0013499395100615,0.00768976266158484,0.298315664498987,0.575930599451486,-0.215941522562812,0.324117558163986,0.839269807795063,-5.60289227290983,1.06801484473859,-6.48539350205175,-2.85316373019908,-22.622083899004
"15",0,0.415607118513435,0.781247321981937,0.711006782948971,0.540987304411829,0.878471426898614,0.696829922962934,0.864076331723481,0.163390586152673,0.999235203722492,0.0167242006864399,0.89752258406952,1.64021078761341,0.00162080261431893,0.00922460282460828,0.287752322583286,0.579869222827587,-0.239570395740229,0.222210216772826,0.557877058628947,2.9372332103471,-1.74106882250244,-2.55138108972022,-11.0298461503909,-17.2924169961867
"16",0,0.455102417618036,0.749204465653747,0.124870831379667,0.484116035047919,0.621189596364275,0.943958435673267,0.124602803494781,0.63616257510148,0.130655107786879,0.0250976830720901,0.440398050006479,1.64889492094403,0.00217964357018157,0.0130866169361423,0.276250528395896,0.57310203542224,-0.218671953403092,0.299983747554426,0.13175940210931,8.66297107638715,-3.67375782603145,7.06716180085503,-42.540500561249,-26.8092713934143
"17",0,0.971055655973032,0.135991471121088,0.86553584667854,0.416206196183339,0.779243919067085,0.0958579161670059,0.154830710031092,0.61565312743187,0.792065358255059,0.0691518962848932,0.585560816572979,1.64851185797583,0.00225287440845515,0.0109421655966074,0.283199478699758,0.58597748945745,-0.245805993039885,0.338699601713758,0.812285071006045,7.76871800839373,-0.893624904448219,-10.3014695265734,-20.4483521689534,-9.45261734355788
"18",0,0.583987979684025,0.176233722129837,0.582657166291028,0.44063718081452,0.552335603628308,0.616547586861998,0.45456914533861,0.105063653783873,0.691115144407377,0.977922899182886,0.60683237016201,1.64532607236963,0.0020539313488026,0.010592213886647,0.291463357792154,0.570236462841559,-0.191566759405151,0.244341013813465,0.0739292653743178,-9.92274664586411,-7.46314612068538,13.3332943854638,-14.8523570004386,-22.6747714661869
"19",0,0.96220462443307,0.0419923425652087,0.566093396395445,0.606628754641861,0.943855438614264,0.95534985489212,0.519151428714395,0.622339454013854,0.162715594517067,0.349984793690965,0.572459988994524,1.66135741123371,0.00162057999834282,0.0134025547055549,0.284055964715218,0.582416322725579,-0.243027388891972,0.324002818462597,0.696985600749031,6.34297558671363,-4.34711342958745,13.0245971442063,-25.9701017023697,-7.32689298967626
"20",0,0.76170240319334,0.664383963448927,0.776896721217781,0.993053989252076,0.0235498489346355,0.011618068208918,0.096600626828149,0.069235346512869,0.499935902887955,0.610968192573637,0.406810329295695,1.65263959595758,0.00268902824044531,0.013788552582065,0.281313021071899,0.591153292170144,-0.205841957705761,0.238988060839082,0.557719244156033,14.8017187501557,-5.01150488148047,-14.2130353880657,-10.8226149771277,-11.0600310457943
"21",0,0.714508535340428,0.665542729897425,0.410809827735648,0.379421590128914,0.637336992891505,0.307651828275993,0.779783583246171,0.636372453765944,0.397316018119454,0.0479610746260732,0.803919256431982,1.63766462143229,0.00226500559895616,0.0129241037829947,0.28741246115871,0.597985536461018,-0.223695390733424,0.408645569044483,0.380366319557652,-3.29931611133459,-18.2472352120627,0.762629227878298,-4.44736138974452,-5.71934951484036
"22",0,0.996612856863067,0.646650761598721,0.534460024442524,0.640983660938218,0.169226307189092,0.576396955410019,0.240716934436932,0.738879187963903,0.346250861417502,0.889847042737529,0.0454574336763471,1.6573719914259,0.00222184364085652,0.0118103093883835,0.290855703010027,0.58348749846979,-0.223917228048395,0.0892804217031566,0.11680376320146,-8.69372624557812,13.8820691117925,-18.7063172018568,20.7821716171412,-29.422305808221
"23",0,0.506270894315094,0.771732530323789,0.409662853460759,0.813231807202101,0.296553836902604,0.380219909129664,0.763544387882575,0.4547382555902,0.247363228816539,0.823532486567274,0.487795961089432,1.6544914372692,0.00264620904065355,0.00977814201554508,0.286985465088926,0.586373828419741,-0.217412885444326,0.226639056909422,0.219828312750906,1.70506082457037,-13.6299776781045,5.97621691006117,-28.7782093368248,-7.68415552175541
"24",0,0.48994323820807,0.289874697802588,0.254870251286775,0.686525346245617,0.346494631608948,0.648708643158898,0.0175348995253444,0.729248872958124,0.194627926452085,0.686648813076317,0.995657840743661,1.66007866171985,0.0021569922210421,0.0092071318881956,0.28881671656076,0.57409699567027,-0.229670732767891,0.385506585743488,0.636406916659325,2.48061412544813,-14.2018160906873,5.37396317478291,-14.4793634751975,-0.576500654039849
"25",0,0.649161368608475,0.806541189551353,0.400060993153602,0.651008076732978,0.387868561549112,0.256305624498054,0.713640965754166,0.768956343876198,0.261295516509563,0.742305340478197,0.262880376074463,1.64565676280321,0.00273612805675577,0.0132302847912163,0.286198626169979,0.575514424568686,-0.236098213115463,0.431296295132902,0.807468704180792,2.06327091826373,-18.9235077207765,-7.91117911958874,-5.33340609290251,-17.4526940547828
"26",0,0.83080641226843,0.547567017609254,0.883616687497124,0.165023490553722,0.13162116589956,0.188550997525454,0.7493814912159,0.558121411362663,0.201885994756594,0.737025371752679,0.515773862367496,1.659453513236,0.00320702637250894,0.0126796246665809,0.286436764680771,0.579335865147396,-0.227535386985545,0.275142081706106,0.573850077576935,-17.6073641148071,-11.2960387995861,15.7036962873028,-11.5078415127032,-16.0010562750903
"27",0,0.48199900239706,0.619942133082077,0.980692838085815,0.0114713250659406,0.47897584666498,0.607770778704435,0.404753984650597,0.299368769396096,0.620301447808743,0.794876971282065,0.307687460444868,1.64061635254388,0.00210068928982307,0.00716319434796753,0.291081435111965,0.578453500931059,-0.241086496663743,0.424910337767639,0.613107693148777,-4.32095767549685,-9.54643454410401,8.15815948588853,-9.9678188957214,-23.7316593306167
"28",0,0.841746223624796,0.472406398272142,0.315199957927689,0.752541143447161,0.534174917265773,0.519216906512156,0.612083182670176,0.444999085273594,0.770662429509684,0.230071967700496,0.919178053736687,1.64553952713989,0.0014753794321832,0.00914248977144074,0.28724452727818,0.575399032218712,-0.223446091290048,0.261280876448335,0.715643440373242,3.76287021277781,-15.1748267574513,9.12326500394721,-42.7765400046683,-2.69125471035021
"29",0,0.513701735064387,0.454609859269112,0.943310894072056,0.291176259052008,0.525691418908536,0.0423433831892908,0.0194586648140103,0.819678995525464,0.471931256353855,0.204348038649186,0.167993641924113,1.66847810297744,0.00168809613256621,0.0128338033239582,0.281771262413918,0.592815404720899,-0.230506393079407,0.294317290705236,0.229592437390238,-1.6876025877713,-26.4769943610603,-0.614807147623682,-15.6341872028098,-1.28694318251965
"30",0,0.529777535470203,0.969472549157217,0.978401286993176,0.438864722615108,0.249439062783495,0.770894639659673,0.527071692049503,0.634640626376495,0.625422709388658,0.92561550391838,0.923071188153699,1.65605542110963,0.00305714089453229,0.0149791392358505,0.290267310963059,0.580183093477378,-0.210186690311405,0.211344240202263,0.0874468807596713,-7.6241924386644,-10.8454324144671,9.38880079529085,-11.180323444958,-24.6120756124745
"31",0,0.567112212534994,0.664090270875022,0.148568940116093,0.629443579353392,0.281407021684572,0.312209718395025,0.907426377758384,0.33556448132731,0.0921728720422834,0.737802978837863,0.192724306602031,1.65838118470566,0.0019951565758489,0.0109705219486998,0.294714087582685,0.583167210214187,-0.232435699259691,0.249682687647323,0.843885212671012,0.524818790351082,1.59715379590655,-2.57979009980559,-13.7809355904849,-16.7752528148121
"32",0,0.2389488783665,0.841994054848328,0.397964396513999,0.374746624846011,0.530946970684454,0.216019184561446,0.802833702182397,0.151562032522634,0.127538932720199,0.0264421708416194,0.34616536856629,1.63532901510947,0.00174065717987915,0.0129402033588648,0.275860881587674,0.570395573228377,-0.24463106415767,0.334429944599531,0.582880310481414,13.4897637576446,-0.0872097522365065,3.68018605895351,-21.4347630454825,-5.93128979374367
"33",0,0.877995934104547,0.212519496446475,0.496653949376196,0.274871716974303,0.494978080270812,0.445872513344511,0.771545557770878,0.0279522957280278,0.68632340664044,0.399939155438915,0.475405147532001,1.64758157232706,0.00245678391758509,0.0113407059356922,0.29016407368218,0.584486103336817,-0.228531528013405,0.295350843691536,0.161629460984841,0.6558457820856,0.339457873579026,1.05724290236611,-28.6795979949585,-7.17486489059391
"34",0,0.654522017110139,0.183243501232937,0.851547957165167,0.126590762520209,0.387429781258106,0.358587592840195,0.882809376809746,0.349673983640969,0.2429256408941,0.217259188182652,0.7247678283602,1.66461148763764,0.000831968719746914,0.0147048194913961,0.281951673421547,0.586121218373813,-0.235634952122032,0.212659132706412,0.505755197722465,4.19010128666812,-8.7016170273655,-7.19442158203316,-34.4771661673609,-23.0691170188967
"35",0,0.482370894635096,0.272856254596263,0.0910875229164958,0.103466429049149,0.817444114712998,0.342039614915848,0.388670022366568,0.241194790229201,0.060438736807555,0.70526571245864,0.4091749668587,1.63434840621017,0.00299718849799443,0.0120318090718325,0.276722186290378,0.587546851408479,-0.228125711214197,0.247806827970387,0.104472958249971,-3.44239996852493,4.11629533415325,4.10179131777565,-9.69828407027639,-29.5012817207587
"36",0,0.971029797103256,0.580793056404218,0.86627321713604,0.309866570169106,0.604206112446263,0.177093506557867,0.764152095653117,0.00591220497153699,0.689884402789176,0.375377180520445,0.0294063223991543,1.65396768137881,0.00161043580725706,0.0107178776777002,0.27433681051564,0.582475305756461,-0.216914024721638,0.14080872089445,0.210284303640947,4.70145920424234,1.1643633537068,-2.34281283441063,12.1643724544207,-15.7977075199493
"37",0,0.460025910520926,0.956828356254846,0.558250875910744,0.777357275597751,0.304766541346908,0.939714039908722,0.347918705781922,0.0603366836439818,0.883330707903951,0.212331427726895,0.57690226403065,1.65322592145973,0.00213334552136941,0.011809210819732,0.285201231469115,0.578982961232492,-0.241942585732772,0.286152422520405,0.322696138173342,-7.39052641515718,-4.995306891115,-8.10409472015449,-36.470133234034,-5.56603977113796
"38",0,0.62205648701638,0.251723478315398,0.118179788580164,0.142382032005116,0.831187017960474,0.18589108902961,0.641714327735826,0.0778738672379404,0.266953068086877,0.36632820405066,0.435470025520772,1.65794141296995,0.00201692426009867,0.0114501401586636,0.276208347988988,0.581884148089285,-0.201610546625259,0.315983964157715,0.468052911572158,2.62228339883951,-9.01816161122914,-0.06342816067392,-35.2806032390152,-20.4170266843883
"39",0,0.388418034650385,0.237011644523591,0.215400000335649,0.799816126236692,0.585382185410708,0.806587984319776,0.341349759837613,0.441146912286058,0.79280156083405,0.709261237410828,0.286478340392932,1.64652536794336,0.00137370923412844,0.0124061278153883,0.286961030114483,0.578395286803549,-0.215875878319324,0.189259201400206,0.953860574867576,-0.385100832187237,-11.4497624829843,13.3786423928947,-33.1656165021517,-0.817346889477486
"40",0,0.00659272680059075,0.272420490160584,0.456668205559254,0.481295740464702,0.935355881927535,0.446870507672429,0.792810308514163,0.119755184976384,0.784218314336613,0.940919196698815,0.335590672213584,1.65161093225185,0.00135970679981665,0.0136033830974185,0.28508099414586,0.591439973540572,-0.232996556300583,0.362755616197829,0.228302526753396,2.50736656854684,4.68928947120581,0.648102942748524,-39.959877546485,-5.38637200527435
"41",0,0.938319087261334,0.447003526845947,0.38629160518758,0.562860265141353,0.279681055806577,0.636307660257444,0.309006865834817,0.185802530497313,0.040633621159941,0.0732357036322355,0.4580758146476,1.66015703220415,0.0024425973926149,0.0122247758970253,0.295921887754786,0.57924116845401,-0.240254041335414,0.322944311740211,0.610380322206765,4.82523320788895,-17.079650945832,2.76995928751812,-28.2752451344053,-16.2796084059512
"42",0,0.242171092424542,0.362594545353204,0.923286543693393,0.021419157506898,0.635771941160783,0.298038888489828,0.800048914737999,0.793488088762388,0.881922994041815,0.985797856235877,0.803494463209063,1.63314221430543,0.00284783557703409,0.0107009842209385,0.305291140487908,0.576890268121634,-0.222046263986221,0.192501952873388,0.359757907222956,6.91891558499464,10.2131938080148,5.40905812681818,0.734036726781348,-8.06722208461786
"43",0,0.565594530198723,0.158712107688189,0.74756260891445,0.852334445342422,0.111800370039418,0.104114722460508,0.811083210399374,0.953126996057108,0.786329582566395,0.592342932708561,0.820287852780893,1.65495173108267,0.00248540533191489,0.00939324487517089,0.291303383052603,0.574187132613333,-0.255273107403443,0.390850601919837,0.627643904881552,-3.64434206078829,-18.0510063647985,-27.8588909817491,-13.4981600873896,-12.1259871021199
"44",0,0.180899103172123,0.619552267715335,0.607300827279687,0.406655482947826,0.702435704646632,0.301982879173011,0.193776689935476,0.0793097708374262,0.505413799313828,0.884711791062728,0.133446898544207,1.65254235607701,0.00277757083345937,0.00842852410951381,0.298231580752129,0.582919611758171,-0.212850793271602,0.363723498400139,0.137339894892648,-4.52207682276703,-16.2661367306237,8.43227516545192,-40.6492530046502,-8.56798603801876
"45",0,0.904499290045351,0.969518254511058,0.445661142934114,0.256925635272637,0.567581873619929,0.68290277896449,0.718445771606639,0.535910513950512,0.0278184122871608,0.134532998781651,0.739863113267347,1.65267727498161,0.00261302111198954,0.0120909257357393,0.293696597832844,0.581686860838992,-0.245112044644635,0.273939366876969,0.515593991149217,-13.5959668934003,-22.6013736552128,-1.277353646966,-30.6103026815537,-36.6569316367115
"46",0,0.0842913051601499,0.0531939568463713,0.869689288316295,0.949398912722245,0.845197019167244,0.122852647909895,0.477817621547729,0.513452868442982,0.442820906639099,0.539842678233981,0.902166326763108,1.65962203621994,0.0022157171484394,0.00996869121858526,0.286697986264079,0.584569407412414,-0.232069382417065,0.242453300311003,0.0948746409267187,6.927728070398,-9.59075449936302,14.5328217930702,-23.0366925877642,-16.6692253310563
"47",0,0.901171715464443,0.367912049405277,0.58865609485656,0.168346497463062,0.552146459929645,0.808648191392422,0.511503929039463,0.555268206400797,0.498285493813455,0.660731570329517,0.379701359430328,1.64777392621457,0.00157406847346563,0.0099891544108708,0.298565366914404,0.579569031102473,-0.232671671803061,0.269713486621963,0.723298436962068,7.33689641189321,-1.29978400082833,21.2770929531777,-45.7345284990719,-30.0375978961027
"48",0,0.891611465718597,0.71582188596949,0.500313636148348,0.296860800823197,0.0400761696510017,0.103753810748458,0.133768633240834,0.471149697434157,0.0492036093492061,0.754539316054434,0.42690403945744,1.64104051069185,0.0023240398566293,0.0125044249211395,0.287205199825265,0.583737451094761,-0.20562204124282,0.333015397429858,0.931030964944512,-3.02001008420989,2.95936048789047,-4.77956914450299,-30.1365600881973,-29.8715277568142
"49",0,0.723374933004379,0.834790505468845,0.868047017836943,0.4202912657056,0.405343114631251,0.293366705998778,0.856165291974321,0.149454734986648,0.928907617693767,0.970210393890738,0.381341978674755,1.65848835041117,0.00325966490677628,0.0125379789071995,0.292913091538129,0.587783996413479,-0.25025707951174,0.459348536435519,0.275519305840135,-6.56573039687137,-2.50451287375995,8.36331585403668,-8.73999081777165,-9.54940931402533
"50",0,0.564809889299795,0.270291994558647,0.110141726210713,0.616426810389385,0.241201773751527,0.116363221546635,0.0901039980817586,0.94325357908383,0.133998350473121,0.671681737527251,0.59534851135686,1.64448641446758,0.00301149731856626,0.00875094834173755,0.288553199089559,0.57596186630161,-0.223140240947251,0.405411738553539,0.540860440814868,-3.30840217831993,-8.08703384495966,-0.774871458046848,-8.99934407202334,-29.6845569533982
"51",0,0.388609998160973,0.838381541427225,0.0751469100359827,0.756028703181073,0.285534127149731,0.577084045857191,0.398267090786248,0.49670063238591,0.591468370286748,0.703032320830971,0.0899213440716267,1.63121686028072,0.00283428336937422,0.00874766120639791,0.283344163261775,0.588412573534437,-0.240541364682262,0.269095214480193,0.140047314111143,5.89036389786366,3.67123933926974,-0.860287442270812,-11.4017144297874,-3.66572259793569
"52",0,0.7459288504906,0.0962108180392534,0.924745028372854,0.463356942636892,0.253750943345949,0.299472563900054,0.435507432790473,0.699037144659087,0.027710804482922,0.206726820673794,0.334427705733106,1.66505147308838,0.00201480625130222,0.0110070785198143,0.277025511285967,0.58836256279913,-0.259585840006632,0.360405953387597,0.894670307869092,-7.98061905765478,-10.4975881025385,-10.3640604188604,-12.8373965887013,-21.1681872418176
"53",0,0.895420984365046,0.173286689212546,0.737078914185986,0.159133169101551,0.515571081079543,0.655011873226613,0.246058010263368,0.866402872139588,0.270960754714906,0.126274359412491,0.574120320612565,1.63410650046296,0.00211355937929972,0.0103287741824369,0.294650599290593,0.576320068003972,-0.246276208454282,0.271462917393877,0.0667823404073715,7.79552954298917,4.93958375229587,17.6802356564728,-28.9032901822056,-13.6457390145853
"54",0,0.80907674995251,0.37829447677359,0.151276748394594,0.115284329047427,0.904502200661227,0.22495269193314,0.108342885505408,0.942508647218347,0.0999966755043715,0.0299522473942488,0.865344884572551,1.64582052280807,0.00219347488938366,0.0116521899749427,0.29314176896163,0.5808233247596,-0.239617383014231,0.35255907321301,0.710947299608961,12.6457156386618,2.05092974604796,-1.93134706676051,-28.0075132290089,0.365187141638691
"55",0,0.818546326132491,0.636525011388585,0.308821078622714,0.158743150299415,0.0279944431968033,0.551920438883826,0.0125000313855708,0.323150362819433,0.508492229273543,0.186533610802144,0.765395551687106,1.67375855378051,0.00223893528761264,0.0101077703147422,0.287919566059978,0.566887245885748,-0.257043925786211,0.412317873530259,0.371422445168719,-10.809005567281,-3.04810166817704,-2.42324793139521,-4.8887680200523,-12.9718890288176
"56",0,0.421199968550354,0.607102339388803,0.38003048626706,0.899562195409089,0.571904731215909,0.868995735887438,0.173481117468327,0.569045490585268,0.164936026325449,0.364976807963103,0.351335790008307,1.65889118251461,0.00313659029086139,0.0115317817732927,0.291219127841286,0.586644551819548,-0.221430567931,0.327579474170972,0.324640388367698,-8.70429654898624,-13.470511378083,-3.25212704070197,-9.34231972079853,-12.5181266432732
"57",0,0.176696498412639,0.276116050779819,0.869974894216284,0.358184848213568,0.490002545993775,0.276056493399665,0.51207619626075,0.631412299815565,0.864038125844672,0.610934033058584,0.0178165368270129,1.65763428840552,0.00178050447380326,0.012697550566528,0.275783435220075,0.587662492559884,-0.253420020894646,0.297841094207964,0.322334986412898,8.41938277869685,12.3152854716031,4.73613849805153,-5.34564425897402,-20.2587786450404
"58",0,0.173786558909342,0.998923882376403,0.113246053922921,0.200318313436583,0.410105765098706,0.0497844298370183,0.743049457902089,0.693543104687706,0.777989825699478,0.13367430283688,0.214123220648617,1.65321358971621,0.00239723050063488,0.00912519153396176,0.294836654554608,0.581922846314937,-0.233540803260934,0.270429682766156,0.968143329257146,-0.665485467406877,-11.8321955398024,7.96831746615658,-47.0451459026178,-25.5004388992158
"59",0,0.892545744543895,0.00860376749187708,0.460098852403462,0.854896242497489,0.746998545946553,0.758579297922552,0.669248467311263,0.886174971237779,0.983518580673262,0.693487056763843,0.134149593533948,1.6613793479808,0.00215854658019218,0.0107102453171784,0.293219960780186,0.584952548184438,-0.246147167530068,0.165225851583801,0.0790707042906433,1.99582097507984,-8.81435334023625,2.14376485326716,-51.6876016530486,-30.5631509655306
"60",0,0.743334062164649,0.880331017775461,0.491474875481799,0.679152822121978,0.299987171078101,0.902332031866536,0.392907518194988,0.492990168742836,0.238945103017613,0.687013371614739,0.287591682747006,1.63870758665183,0.00245465068071075,0.00816368449558308,0.291645812232883,0.576944169196563,-0.231122338871555,0.130710365193863,0.542539165122434,3.98547759744802,-17.3238018327843,-21.4126687639783,-24.4444236536509,-14.5992104744988
"61",0,0.560983883915469,0.859487358480692,0.133533555548638,0.859696809435263,0.90706532378681,0.438830144004896,0.307514419546351,0.0546155222691596,0.769845427712426,0.547407721634954,0.896662679500878,1.64692810234206,0.0029629294637856,0.01284804637508,0.284514646780936,0.5807115656769,-0.220425487234989,0.269206068122947,0.774153034901246,4.82665470429399,-20.7169490598157,7.47195963722827,-47.375756935469,-17.9362581610924
"62",0,0.0712338301818818,0.110581709071994,0.384458898799494,0.924019797937945,0.0203196033835411,0.890523022506386,0.999535603215918,0.470936186611652,0.643176217097789,0.558616721536964,0.969689966877922,1.64593641357408,0.00223332978010909,0.00906203684901188,0.274299405739173,0.579507287148613,-0.214517295546328,0.413848644960019,0.390295237768441,5.23618734061113,-9.76244446015177,-2.65940516461895,-17.167588881722,-6.37182967101935
"63",0,0.853584753349423,0.748011428629979,0.744706596946344,0.892141398740932,0.999248714419082,0.721059349831194,0.675139784812927,0.776516596088186,0.468530506361276,0.074703547405079,0.155749345663935,1.6468736276891,0.00176453167809827,0.010674533109646,0.283879083422468,0.578877000881345,-0.233933316365119,0.337809733036228,0.530375077854842,-2.8990033318133,-16.2854596512699,-1.47081150930994,-23.6976485864284,-11.7638722635025
"64",0,0.913710964843631,0.118903852533549,0.90079862321727,0.190832141088322,0.245326224248856,0.797687683487311,0.538620167644694,0.740721489069983,0.643286091508344,0.734047699021176,0.18206860893406,1.66016732763095,0.00310339097116197,0.0125971278965419,0.284272844762033,0.583910609741556,-0.228600195496009,0.262856167303416,0.83543629781343,4.43391578833415,-18.1433232088246,16.5473569496195,-0.453230940076814,-1.59049047876989
"65",0,0.225361202843487,0.167366176145151,0.482732782140374,0.803478643298149,0.030843221815303,0.87855386803858,0.647971208207309,0.194587539648637,0.0870520467869937,0.0997344439383596,0.457675708690658,1.65434730863443,0.00251227063207604,0.0100841113467678,0.286153915814649,0.581776422829018,-0.2077313794022,0.306845740576318,0.184048506896943,-2.74405453806406,-6.23395117533648,15.6625433378161,-22.9394795846598,-15.6801028556511
"66",0,0.628560133045539,0.00486163725145161,0.526780525688082,0.489695509430021,0.638859780039638,0.0911949267610908,0.904043559217826,0.451402306323871,0.370647283038124,0.532067011576146,0.771683425176889,1.63640503861637,0.00253337238214938,0.00974712885878531,0.286915852689134,0.594138190182092,-0.232645002294467,0.318108821186404,0.437794740777463,-6.91092941384322,3.56242419426755,19.1018932282127,-21.7482798309173,-15.2916019778787
"67",0,0.0691449935548007,0.024120609043166,0.735125501640141,0.207954583223909,0.0888082208111882,0.0106529374606907,0.123786780517548,0.493047811789438,0.539517439901829,0.886415138375014,0.627731104148552,1.64434468563318,0.00184284851098855,0.0141541343469528,0.287562464319702,0.570182720409531,-0.231689812616251,0.322819539487706,0.891203096369281,1.61437863087517,4.67261446137882,-0.394950870887633,-31.2119795527797,-17.2136247577528
"68",0,0.514853976666927,0.554887531790882,0.812633853172883,0.293664189754054,0.822616044199094,0.340867663035169,0.855648829601705,0.396657259901986,0.0740214039105922,0.976311758393422,0.0250261914916337,1.64931723887333,0.00108432553085125,0.00867441579425284,0.27928707060992,0.584477297375826,-0.202379475332493,0.312500307108466,0.0034046727232635,8.79906018520718,7.15605393548098,13.767588588037,-13.9915256783274,-39.1181800132768
"69",0,0.805417287861928,0.279349875170738,0.174423206830397,0.356498110340908,0.989378968486562,0.793945364188403,0.85056251543574,0.690963407512754,0.0958152071107179,0.541726748924702,0.480931591475382,1.64764630216833,0.00243820653628848,0.0077135242406439,0.279370053585724,0.576876332467777,-0.22868978311564,0.226938446168252,0.859243398765102,-11.8006607045321,-1.15419991737186,10.4199523621042,-46.2902452584567,-8.91535117289167
"70",0,0.971789465518668,0.919927866430953,0.695636480813846,0.329778716433793,0.882539159618318,0.662012837827206,0.942404548637569,0.711252721725032,0.931362610077485,0.282066266285256,0.523029720643535,1.64074846682252,0.00179211447123709,0.010171259974008,0.283035498520042,0.580675453638243,-0.205957607884802,0.164809013256132,0.0367633434943855,-2.67284988831392,-7.15098915364408,-1.99372730051909,-25.2479016780395,-16.185178225137
"71",0,0.342915244866163,0.833796508377418,0.360402399208397,0.86814894573763,0.600827741902322,0.764890936668962,0.877480287104845,0.971387226134539,0.408903939882293,0.701441145967692,0.551588672911748,1.671329931301,0.00216242748246851,0.0128557957404131,0.291195094141697,0.57606832441102,-0.208610253987559,0.207611092191885,0.811344014015049,-5.16048132366596,8.35933397125321,0.424962543721762,-24.7963666146578,-21.1988719717093
"72",0,0.63136344240047,0.943518140353262,0.182811586884782,0.368791190907359,0.808820900740102,0.606024564243853,0.874727515270934,0.0413113865070045,0.415821990929544,0.0442676197271794,0.414169690804556,1.63799797258759,0.00169811593681765,0.00995567289996088,0.289299612106547,0.575427295548139,-0.218472417758096,0.277425987259928,0.906695735175163,5.32722783979626,-12.1554515961609,16.9813443677297,-0.420226318836924,0.138196942887328
"73",0,0.410054257372394,0.709625954041258,0.482024590019137,0.545272729359567,0.807390019064769,0.53889452572912,0.356039291713387,0.811674021417275,0.478714055148885,0.618590319529176,0.529432415030897,1.65088903571581,0.00265349118148471,0.0124243416402272,0.291654355587098,0.580254627900908,-0.213709536411596,0.467180204115049,0.668368521146476,-1.87339181039933,5.34550671212721,0.912628197363748,-13.7609967614329,0.363926351636671
"74",0,0.345694060437381,0.578025754541159,0.835843143286183,0.716666106833145,0.453975619981065,0.205969813046977,0.546749891713262,0.485567201161757,0.647229516878724,0.934211957966909,0.250446456018835,1.6591456294342,0.00241875154643976,0.00804390149334066,0.286559621378104,0.571530219244636,-0.229729963285326,0.356154721608034,0.490548564121127,5.58566585614078,-9.36841611196077,-8.77289563502593,-49.148526454764,-13.3842314895897
"75",0,0.824872852535918,0.467261527199298,0.363899864256382,0.328325647860765,0.639019690221176,0.949255615938455,0.634429109049961,0.0639716677833349,0.47131644655019,0.92293346230872,0.207614860963076,1.64623371567907,0.000791914942185786,0.0124715187486891,0.283230155807307,0.576969820408923,-0.235044524622102,0.333408861405023,0.911991044180468,2.9817926271517,-9.02999021246945,2.04655066032353,-1.09273764317238,-16.9145328941945
"76",0,0.689900528639555,0.875026802998036,0.40115956007503,0.958944619866088,0.537414687220007,0.358618898782879,0.207124668639153,0.142893459182233,0.928334726486355,0.356713805813342,0.114415913121775,1.64622457906142,0.00250163771795447,0.0114088178526444,0.293500958603195,0.587167002322241,-0.220464650332828,0.157706994014842,0.409493938321248,4.65773394484807,18.3765893439122,-5.2867857824929,-14.1249918755206,-27.2392180214404
"77",0,0.320645014755428,0.0467992317862809,0.359807310858741,0.0741278906352818,0.126004581572488,0.294801127864048,0.567792054498568,0.846834491239861,0.431167241185904,0.834526814520359,0.0723411852959543,1.64876535766302,0.00165917700885972,0.00962824096743825,0.29632288849141,0.579833285526886,-0.246223857492921,0.469492031179198,0.744403225835413,-0.487756356147401,-15.7876386158067,4.07534514786892,-26.3866462716075,-12.5061341199713
"78",0,0.441329659428447,0.919092266587541,0.0302864392288029,0.773623468121514,0.743100904859602,0.966485723620281,0.35213369410485,0.812799129402265,0.298566245473921,0.624502166640013,0.230137657606974,1.65442898834916,0.00225421985095337,0.0102479396267464,0.285545717422266,0.584656802502076,-0.217833711615686,0.289427892314379,0.795471135061234,1.11166378517387,-3.71412202705262,3.23436748958102,-5.42072322662738,-19.2665342818771
"79",0,0.261885447893292,0.887360026361421,0.653805556939915,0.350324617000297,0.616339709842578,0.325385653181002,0.781482572667301,0.464777601417154,0.305830044206232,0.676488418830559,0.233410745626315,1.64608539807942,0.00264740696988726,0.0105480144996733,0.278644732931189,0.595616154194129,-0.214266956178794,0.401134059286787,0.451870619086549,-4.93942808206358,-19.8997785672148,7.44582111258098,-36.7112478836618,-30.6677368569103
"80",0,0.133204466663301,0.609339375514537,0.235114260111004,0.943631790811196,0.164449595147744,0.202492187265307,0.482254963135347,0.714179419679567,0.873242154950276,0.703363176435232,0.679225320229307,1.64194198759414,0.00266512008426583,0.0157508208156459,0.294613144833361,0.572680347432147,-0.218133810133635,0.255142736127557,0.0795152068603784,5.00256240783477,-19.6418210851222,-10.889250485467,-36.0459083973147,-11.7026746576613
"81",0,0.91047868761234,0.841465671779588,0.162571489112452,0.723452321020886,0.24322472861968,0.107075252803043,0.122726812725887,0.449847614625469,0.921241007046774,0.475523808505386,0.574840664397925,1.65390806605715,0.00215588148341704,0.0114902499659922,0.281250855757236,0.577665187255824,-0.211851078675224,0.223206667291819,0.797393345041201,6.60546916057445,-16.5596460047796,6.88460877220424,7.18845866675394,-21.0578280433524
"82",0,0.709167925873771,0.41480922838673,0.339076604461297,0.959558174479753,0.278089649742469,0.233383663929999,0.0867810591589659,0.275998935103416,0.758141950936988,0.814885922707617,0.855156901059672,1.63091382077796,0.00199338081254844,0.0120998166382793,0.280750043666254,0.58783649406923,-0.254785232681097,0.330744818669263,0.384654013672844,-1.83757542845521,-11.6095665915537,12.0243758926482,-17.0416171159631,-14.5022131527601
"83",0,0.572026313049719,0.764030884485692,0.490944556891918,0.596791709540412,0.881995817646384,0.517646872904152,0.577207859605551,0.590770893963054,0.146668304922059,0.550085412571207,0.741498058661819,1.65690519944555,0.00179253620015455,0.0147189360380014,0.284755453350653,0.573968537165661,-0.246345608659279,0.274565456806521,0.876786019653082,1.81909961717154,-5.17609641925351,-7.09679462359847,-36.9772274400842,-17.7714997281764
"84",0,0.916968236677349,0.00947758182883263,0.916018062736839,0.61465390631929,0.9188193064183,0.219787547597662,0.654847033787519,0.2048808070831,0.577119748806581,0.737021829467267,0.996167446952313,1.64574791237982,0.00261018371873755,0.0130289260740197,0.285608640175942,0.576250857974167,-0.22174761285211,0.332971380786259,0.638274533674121,12.5446436896732,-9.83768728747692,19.16604351169,-5.64827256018192,-22.4539162629266
"85",0,0.901910115499049,0.199232980143279,0.18819963443093,0.0404228288680315,0.936395255615935,0.502774784574285,0.602449597092345,0.258736200397834,0.799190026242286,0.611057801172137,0.541837469907477,1.63264013778371,0.00228833503108632,0.0114646891683198,0.284779748714752,0.569540549156593,-0.2187010398609,0.374990660235792,0.560014283284545,-12.228215661458,-3.42936445861436,-5.46959490599733,-36.5444267835963,-14.3421427972599
"86",0,0.0586219872348011,0.102227692957968,0.641523331170902,0.258376215118915,0.251842084107921,0.695600829087198,0.0350574392359704,0.887369017116725,0.378431092714891,0.59739927132614,0.508256838656962,1.653191078736,0.00280246617960794,0.00956547964236228,0.280062756112959,0.578380938232042,-0.2525169058365,0.391666447533191,0.743493036134169,-2.88089071720254,-13.2302335209727,4.47815676380386,-6.29277966998071,-24.0147568177269
"87",0,0.0457009491510689,0.733024261891842,0.686176170129329,0.524887347361073,0.66306746029295,0.160211799899116,0.307798325549811,0.113088701153174,0.549768045544624,0.689448887947947,0.529643125832081,1.64441568386784,0.00252804300840408,0.00883106205349228,0.274520378963637,0.564315433811343,-0.25070338741644,0.403367781568883,0.60228996980004,1.38354600638345,-2.40455514871228,-3.12206545667873,-12.855425238264,-13.4120601431632
"88",0,0.988808509195223,0.105634269071743,0.515853834804147,0.3392566179391,0.262625008588657,0.907525400398299,0.769802559865639,0.939359051408246,0.913954148069024,0.482252442743629,0.6935831643641,1.64593064590132,0.00263374075191008,0.00937075526269594,0.286886702820992,0.57657218238859,-0.23883138609097,0.393102411947476,0.322942497907206,4.04776816919826,3.52176063305886,14.1514305965276,6.03608189049421,-9.58783695346997
"89",0,0.205824960023165,0.23495859769173,0.202836972894147,0.138732261024415,0.940520902629942,0.762764944229275,0.51732163107954,0.636326622450724,0.862812090199441,0.861337094800547,0.571460826788098,1.65099359727383,0.00140969847550925,0.00760246399547283,0.293837671191273,0.571772494202956,-0.246560736686472,0.303077140527534,0.957583715906367,1.31310682572969,-1.53956489017161,2.20140419469168,-28.5383163103176,-1.9267798409376
"90",0,0.929055972024798,0.438285625306889,0.000511215534061193,0.817220764933154,0.821369642857462,0.933018918149173,0.685798846650869,0.264389544026926,0.350568435154855,0.433130267309025,0.69544956786558,1.64038063349051,0.00214004204512538,0.0111732522406558,0.286621302025385,0.577872106293242,-0.216803637133809,0.325393067008857,0.777939665596932,-5.54581228517516,-18.3965811840258,10.314433869454,-25.4731364681808,-28.600363939883
"91",0,0.194303552154452,0.326543216360733,0.879632338648662,0.45718678785488,0.94828706770204,0.72583981580101,0.00982484873384237,0.907071868889034,0.296449188841507,0.478483102051541,0.601740736048669,1.65112421352117,0.00167633461062942,0.0117901703889457,0.294721764474164,0.58752498628526,-0.260405469415504,0.217176574649922,0.237581204390153,-0.0894294523319772,2.3316162740641,6.01259590783002,0.285067691755572,-3.29420589645841
"92",0,0.12680093664676,0.0121551409829408,0.507635545451194,0.793742009205744,0.662465997040272,0.928314134478569,0.135926024056971,0.449615018675104,0.993790815351531,0.0886383913457394,0.447747197933495,1.65360285824825,0.000981531787739218,0.00800781650214068,0.273289328267409,0.583575651827088,-0.226404337864598,0.334675542642219,0.361043752869591,2.75661262002329,-12.2210725596666,-5.75427491653572,-9.0653533199552,-16.4686313133353
"93",0,0.539368811063468,0.115944684948772,0.524326552869752,0.674075337825343,0.568718080874532,0.478107737377286,0.210163100622594,0.17863013711758,0.911706694634631,0.894690225832164,0.200663027120754,1.64296100832979,0.00328207049944245,0.011748829275585,0.298561538613112,0.592377197157352,-0.219387374506456,0.309680061677356,0.228710612282157,-2.19653979036397,2.02703021066591,1.71809415878693,-13.8634670530347,-15.9084926772088
"94",0,0.272337059257552,0.454363343073055,0.67953431350179,0.446843318641186,0.404131175251678,0.00172397401183844,0.355666367569938,0.174378545489162,0.990156300598755,0.37160258507356,0.913392159389332,1.64522223314093,0.00235758250169046,0.0139703391632298,0.275681824659579,0.574047888989547,-0.225742119822514,0.471560343119639,0.770380925852805,9.14327028414796,-11.7687370892899,-5.19055561113285,-20.8376106387398,-16.3365693095846
"95",0,0.353586649522185,0.651906349696219,0.5622804898303,0.863103540614247,0.367245354456827,0.757333321031183,0.795201772125438,0.679875975009054,0.765234138583764,0.759846396977082,0.304106820374727,1.64333647869396,0.00348237274604752,0.0077611862737158,0.274607448411739,0.579432745495234,-0.220273009983353,0.234648612251553,0.788848211057484,2.3762069054517,-9.70611660436235,-2.03927518840541,-24.4035877768108,-11.9746163502981
"96",0,0.0841048567090183,0.98825935088098,0.484956706641242,0.522116251522675,0.122901395196095,0.742263661930338,0.701212509302422,0.993365738540888,0.00136141222901642,0.161467459751293,0.812930944142863,1.65295960793278,0.00174140192542333,0.013234494683881,0.282104063328821,0.573853958716525,-0.217513441779885,0.268093535797082,0.200907048070803,9.46714185170522,-24.1340293583267,-7.03464869203276,-34.9928512013656,1.27829992449915
"97",0,0.7654377091676,0.302795691881329,0.680431499378756,0.817521264776587,0.100767086260021,0.792319990228862,0.0553487434517592,0.441110181389377,0.276562511688098,0.908000393072143,0.798700635554269,1.66572665244956,0.00124824699595267,0.00643548617335639,0.305429116747351,0.585212319326626,-0.218100753559078,0.347547706684771,0.463284495519474,-2.16806838329355,5.74437822379708,5.49070040989513,-43.5808242573089,-17.2010660742463
"98",0,0.444485993124545,0.292549330508336,0.848793394397944,0.0530234267935157,0.716660636011511,0.285306605044752,0.453169920714572,0.103082968154922,0.755876154871657,0.381202270975336,0.748667054343969,1.65047521726,0.00228430039491034,0.00769734809392113,0.280217436839726,0.581695316315145,-0.21961754102892,0.195510631649715,0.762078506872058,8.560472618441,13.9686553069823,11.1017843602894,-38.5379781811547,-6.69366400227448
"99",0,0.0361374919302762,0.818554192781448,0.707178537501022,0.159258258063346,0.524089470272884,0.01015495066531,0.93269019224681,0.743332331767306,0.262739863945171,0.869366983417422,0.765515889041126,1.65488111265095,0.00209425746832343,0.01150193566726,0.286117548176298,0.575526077532019,-0.261743636912071,0.387526131870984,0.334092713193968,4.14749680401481,7.1256842774072,25.3740172922197,-50.7941204472604,-14.2655521449474
"100",0,0.701289142947644,0.176573242759332,0.0876169295515865,0.0285214753821492,0.105107669951394,0.954187107272446,0.937723229639232,0.67542642634362,0.541413324186578,0.530283505562693,0.773003923008218,1.64760281921692,0.00249176054576236,0.00982645478110099,0.297843593348493,0.574257326447516,-0.23100463099573,0.421137399827049,0.535512813832611,-6.30905645182077,-8.81119017385127,-12.5760080290844,-31.2883477163008,-11.583469443563
"101",0,0.253427358111367,0.809752512956038,0.653800728730857,0.237045315327123,0.128323460929096,0.187597402604297,0.617476353887469,0.866311103804037,0.833769097458571,0.327212858712301,0.3808080307208,1.65033491238387,0.00162651210397337,0.011295367745134,0.283442000363221,0.570239484399223,-0.234554470709368,0.276906156447485,0.549918056232855,-3.83989091246193,-19.408659575713,10.6467882401381,-32.3438077661316,-32.0581110739651
"102",0,0.629631243413314,0.537767850793898,0.469436649465933,0.0879544760100543,0.419175345217809,0.378742063883692,0.992651258129627,0.410728492541239,0.115301650483161,0.84547255653888,0.229138400871307,1.63541503263969,0.00182796318132692,0.0115534392377987,0.298576134488656,0.580358923008201,-0.23737216279352,0.0987562583910078,0.274013892980292,8.60339272702055,-12.3324188859214,4.93508644027468,-22.1794975239821,-26.3606599684749
"103",0,0.26640361500904,0.207194081274793,0.178430383792147,0.663706752471626,0.474739621859044,0.737966317217797,0.522342811338603,0.107330944156274,0.114090385148302,0.731661985628307,0.776538064237684,1.67058233331561,0.002120302031081,0.00898384860547575,0.298467496077585,0.587679139310817,-0.21609636184562,0.378059259938474,0.862403470790014,-4.22326234556226,-18.7553141176666,19.1144441788402,-4.26456647083167,-21.9555574746123
"104",0,0.532445900142193,0.199969508452341,0.152178263524547,0.819848055252805,0.147403297014534,0.0429237033240497,0.851570155238733,0.0924527936149389,0.970559707842767,0.971083211479709,0.427383630303666,1.64898586603524,0.00310225610493726,0.0102129146642688,0.286960429680646,0.57857918422395,-0.22306309103671,0.438729382981235,0.681064910022542,-4.85357130284286,2.00582944827586,-9.34965609579757,0.451345665102576,-26.3015973446884
"105",0,0.468264800496399,0.938133640680462,0.249338581925258,0.667468406492844,0.231908475514501,0.933074860367924,0.468645128887147,0.349931608652696,0.531845999183133,0.432506365701556,0.152934071607888,1.66060088732736,0.00138850337600566,0.010767270439675,0.28235636246889,0.577005676443388,-0.223528440402697,0.276131850522795,0.829818738857284,6.92643450773669,-3.59192250842415,-4.88093572607929,-13.2244887211103,-10.1540140975157
"106",0,0.574396894779056,0.973661103285849,0.823015693807974,0.677816747920588,0.791708953678608,0.57762872823514,0.271183345234022,0.404229347826913,0.618450071895495,0.241308866767213,0.620123847620562,1.64496760867089,0.00175082896400098,0.0125272858816027,0.279585585723948,0.577000383018949,-0.20821629588977,0.318295305267323,0.519227692391723,-16.2379062427511,-7.81359106020955,12.6866820549407,-32.1791931585475,-21.3478086604258
"107",0,0.668445498216897,0.915360727114603,0.0259540430270135,0.533683124929667,0.858597264392301,0.0666546821594238,0.261179337045178,0.159554306417704,0.370103571331128,0.101952382363379,0.333493956364691,1.64657965555163,0.00226402256311672,0.0107767377243891,0.285045623410606,0.576174275442758,-0.243902854246508,0.215738546197808,0.352101352065802,-4.59313052637873,-20.7429608896796,-17.2421896012995,-33.6956028552756,-6.03112678209584
"108",0,0.212113675428554,0.987781226402149,0.11073524155654,0.906463067047298,0.694355329731479,0.467814212199301,0.49058651085943,0.978031600359827,0.692989051574841,0.210217794403434,0.916807274334133,1.64417480473323,0.00267828397393292,0.0105742905711588,0.288169347790451,0.573052104474764,-0.231309820481627,0.307432434525746,0.400973980780691,-4.06872568446997,-5.10420554965303,-5.74514670552715,-28.2325636331432,-16.4091278389517
"109",0,0.975632399087772,0.314459573710337,0.54775175685063,0.709558740956709,0.930411722045392,0.996435055276379,0.368512174580246,0.524964353069663,0.435105417855084,0.761282965075225,0.772954182699323,1.6488577613822,0.00336817952440106,0.0103096856623486,0.275654943422357,0.58658861114677,-0.230374306810619,0.369779290353494,0.925641672452912,-17.0081681676038,-3.65588209473607,8.3318693712455,-21.0588818786069,-29.7557370235222
"110",0,0.809382772771642,0.857720649335533,0.0230460255406797,0.797483467496932,0.279858274152502,0.965133246500045,0.391103250905871,0.322142123710364,0.866487817605957,0.704989890335128,0.63874824414961,1.65505026326617,0.00247540542778144,0.0110782014726532,0.289882483768324,0.585242022249603,-0.247050959635379,0.264007997291032,0.222642221488059,-5.81009757632055,-7.58462449785502,4.31392600066887,-23.483926075269,-27.0770941276331
"111",0,0.275334256468341,0.70896031614393,0.897257283562794,0.29536949028261,0.00565439648926258,0.490598323289305,0.523852639598772,0.621515289880335,0.068021974992007,0.354966407641768,0.971860610414296,1.6307608720038,0.00210464058302757,0.0135239795263173,0.274252421909385,0.569231665190978,-0.240235486603915,0.137863431467293,0.76769454148598,-2.00221525014867,-8.05278806907622,-2.52148132483407,-14.8921282509078,5.34646824396881
"112",0,0.399123691488057,0.718590733129531,0.924668381456286,0.157998830545694,0.362474574241787,0.439814795041457,0.702931763138622,0.891582212178037,0.491265044081956,0.869875489501283,0.209795954171568,1.64571234840721,0.000496717317567633,0.0133436513903579,0.288241503764492,0.583774250777868,-0.231416836546624,0.373316412546191,0.588380648521706,-3.33288042892841,-4.83041738429214,-0.316863136124047,-47.5576472846258,2.42325096745181
"113",0,0.290300444234163,0.195621411548927,0.136105122510344,0.550033728824928,0.206182100344449,0.405007619410753,0.913468878017738,0.719146962976083,0.777284770738333,0.492705964017659,0.421138621401042,1.66013737017616,0.00327421672781975,0.0122529088202259,0.278284036867682,0.591594413808361,-0.222932475933596,0.434086796696485,0.719304715050384,7.20251410368175,-7.21443120303928,-4.03251914841962,-24.4123366100603,8.11347719774133
"114",0,0.492993233725429,0.848587938118726,0.850055342772976,0.296801964985207,0.881441213889048,0.420872776536271,0.404640081105754,0.881126934662461,0.11759871407412,0.844693900551647,0.310386432334781,1.6608211825362,0.00105651586965073,0.0118362356751189,0.281888787453495,0.582560052002257,-0.208631120590093,0.274722827508426,0.826191699365154,-1.93204179549817,-2.04524683087573,-2.33785940925615,15.6773248816082,-7.39645967052178
"115",0,0.756775138666853,0.23979524243623,0.669272954575717,0.842283533420414,0.625085617648438,0.185671639628708,0.311012217309326,0.982371577527374,0.979084170889109,0.371426128782332,0.787616391666234,1.65336702648491,0.00176431283541311,0.0119747050732075,0.284937074541463,0.577404391477528,-0.244266401878032,0.299470378041639,0.756167206447572,-4.93958825347458,-8.28450567975417,-12.7968258307428,-31.0529336130752,-13.5590083451845
"116",0,0.510697468882427,0.749105305876583,0.177443999797106,0.53429281595163,0.394280951702967,0.0958719777408987,0.984135555336252,0.458214322337881,0.483957219170406,0.62391642597504,0.635371607029811,1.64800770489191,0.00203121279575381,0.00991574651248989,0.275641652708226,0.587055254721201,-0.220623758442266,0.323668336979064,0.0324018180835992,0.43452438370401,2.95508950642531,11.7084555110312,-33.2778773500003,-17.660952884277
"117",0,0.438148951623589,0.0179933533072472,0.73118242691271,0.858103427803144,0.165998170617968,0.67630399717018,0.126734641147777,0.483305858680978,0.885566423414275,0.875600901432335,0.450305415783077,1.64854437928333,0.00232817829124488,0.0101781692506251,0.290747576940321,0.574416821839865,-0.208793832821287,0.332918082811578,0.604693865636364,-3.69659785925851,-3.37635006191535,-1.99334511882155,-44.0512964987687,-25.0785155817532
"118",0,0.790914088021964,0.390193413710222,0.282139237504452,0.612402636557817,0.417672010371462,0.197159676346928,0.936001618858427,0.148425448220223,0.273768281564116,0.780475085601211,0.0090140022803098,1.63596296610695,0.00143898987922405,0.0111831778966817,0.286277742121692,0.575970669787479,-0.23971190194919,0.34205817673534,0.180016488302499,-3.82816159198863,-3.67689094101286,22.5177379640606,-18.1193651535836,-1.19633008979197
"119",0,0.911315168021247,0.864211200736463,0.50712857558392,0.326228123856708,0.349709964590147,0.344794982345775,0.692313969600946,0.656447536544874,0.580858528846875,0.958022388862446,0.0207893848419189,1.66676806831243,0.00139712835000762,0.0104210805906765,0.278112946649946,0.586464380654535,-0.251658124908288,0.206380841007753,0.491593849845231,3.4652496611362,-6.88604632963268,-6.54376352200654,-19.6737333739617,-8.10260030326757
"120",0,0.0710741439834237,0.351830278290436,0.335285332519561,0.071852644905448,0.196140948450193,0.582129412097856,0.865995345637202,0.484859075630084,0.988956090528518,0.953110834816471,0.321902784518898,1.64747350584819,0.00129009449955655,0.0141539059359923,0.290531659974056,0.583226562775979,-0.242163776760486,0.250235997146372,0.972834333777428,-3.30451380638165,-6.87792257366553,8.283673851981,-18.2208964949731,-38.1354313875021
"121",0,0.142642312915996,0.633837386732921,0.107637752778828,0.831079932395369,0.485525373369455,0.878518674056977,0.605676691746339,0.900281122187153,0.39194716908969,0.028268939582631,0.773547308053821,1.64266590637179,0.00267487675964356,0.0130083475305125,0.283030527134419,0.571663512392654,-0.239500812768256,0.352590805525795,0.518067489145324,-13.5972425292496,-3.52956665966761,-0.0261415556348759,-25.663005148787,1.28040919348235
"122",0,0.393072782550007,0.177658459637314,0.360035280697048,0.682133842026815,0.716341069899499,0.053484866162762,0.700437997700647,0.629019487649202,0.874470667913556,0.585878938902169,0.320373177994043,1.66811288304807,0.00179550225425309,0.0131344955354129,0.286503610004723,0.567211588862728,-0.217603402944285,0.297027625486215,0.334636858897284,11.6207755316886,-0.536775607567983,1.51237334357277,-23.7295170120173,-10.8740279788028
"123",0,0.856437721289694,0.688226476078853,0.307053070981055,0.817088376265019,0.7844641613774,0.191224783426151,0.982037040172145,0.312945592915639,0.179061906412244,0.796828288584948,0.83525487780571,1.64888063959973,0.00115538961281606,0.0132310920314433,0.294147029412723,0.578099701719801,-0.214977534019668,0.263411636647392,0.0261237078811973,-6.32043834607902,10.0470912787628,-4.78627182982128,-19.5138818673381,-12.6445969827476
"124",0,0.264254226116464,0.33376363129355,0.0134199932217598,0.679928372846916,0.828316854313016,0.0548087197821587,0.764930648962036,0.0310955615714192,0.251529948785901,0.490067387698218,0.887902918970212,1.66262201347951,0.00360775287441419,0.0134126650178411,0.286716588469538,0.577603584103947,-0.213179353413653,0.29255335840848,0.438002554699779,-8.52766964092568,-8.09705379645853,21.9537000207779,-22.1503520860005,-15.3563131351471
"125",0,0.0946383585687727,0.175668513868004,0.90604409435764,0.109099593944848,0.666108831297606,0.713627636199817,0.655077271629125,0.596019353484735,0.822302812477574,0.168926045997068,0.0483182854950428,1.65869156787887,0.00135674756016393,0.0147363003202977,0.295064918334924,0.586510717064101,-0.211798923152146,0.271081480319849,0.662278594914824,3.30485399372983,3.19599250521059,3.64773289510403,-43.2657842400123,-20.02505135011
"126",0,0.724333662772551,0.884520444553345,0.48516075219959,0.0761058775242418,0.421087383292615,0.862693472998217,0.235118097625673,0.798450817819685,0.309547017328441,0.246035796590149,0.0649097091518342,1.6426097254661,0.00270938500645084,0.0122641177021603,0.280268983435503,0.57673137406926,-0.210965662589223,0.279116713972066,0.00163988256826997,16.376357506506,2.70332477466037,-1.90189594971334,22.5048710540444,-23.0116868637545
"127",0,0.980476663913578,0.0766614798922092,0.786527478136122,0.385733554605395,0.744245942914858,0.826446196297184,0.944137796992436,0.129431393230334,0.0371636589989066,0.433073566760868,0.864583137677982,1.66355753733913,0.00318998382564293,0.00764249044725757,0.287234813470027,0.579221124453653,-0.219971820543184,0.349639850649463,0.401480430969968,-8.15454706139266,-4.47773833053442,7.42109591724805,-19.4158382611999,-5.42961745702778
"128",0,0.200600294396281,0.0837058951146901,0.781860003713518,0.0338793895207345,0.365934933768585,0.00388287217356265,0.326762245502323,0.871210653800517,0.379615096841007,0.458693221677095,0.550099307205528,1.65468231807414,0.00206722017121833,0.0141920724979518,0.270750783467644,0.574019977950258,-0.226220109465274,0.324427897254936,0.197261363500729,-5.33355937474063,5.06313740703858,19.8357925904423,-34.3092834679844,-20.2844692134625
"129",0,0.552263837540522,0.835409552557394,0.686173948226497,0.049256173428148,0.227080072509125,0.166615806985646,0.457286498742178,0.0365840520244092,0.37827194808051,0.359120462788269,0.629137534182519,1.64864326460313,0.0011165917477219,0.0141561828593234,0.290439512960442,0.571227122015591,-0.225155447859592,0.311297418468187,0.609541678801179,-7.66270622351744,-2.28095831568151,11.5365208842915,-33.7013099834924,-1.93448581199777
"130",0,0.345464471029118,0.69418738479726,0.354226753348485,0.809155202936381,0.252152401488274,0.530115961562842,0.952977931825444,0.941148846410215,0.250375506235287,0.277044218964875,0.39777921512723,1.65224246645058,0.00184422265382514,0.0121128964616948,0.282879135592489,0.592674326153115,-0.225883003223691,0.286420922818572,0.591941706603393,-12.3525621516371,-10.1475061609503,-11.2717835760458,-32.3114773456957,-10.8676447678678
"131",0,0.408390007447451,0.0610110939014703,0.99113075225614,0.514920853078365,0.504736496135592,0.694483587983996,0.770492855459452,0.988944680895656,0.996444556862116,0.190812550252303,0.532613861141726,1.65499244595663,0.00231373261496523,0.0136633273813134,0.283837770228268,0.572090351897938,-0.237436117498124,0.48471566748087,0.968283607624471,-12.9142166979393,-15.1896513356871,7.42473749816675,1.88596243580067,-23.9557959529893
"132",0,0.188031216384843,0.533603580668569,0.133274030406028,0.722358567174524,0.87343124859035,0.781192464055493,0.17960500321351,0.680125645361841,0.52706084260717,0.509308067616075,0.43831103714183,1.64606390411306,0.00183137020498995,0.0133094183816185,0.269898594066196,0.571975826082689,-0.237169786852224,0.327866957508008,0.531556136440486,-3.37038463248721,-6.94118223663494,-4.56937846176411,-21.1802645445064,-25.9048386010061
"133",0,0.345552658895031,0.507062298478559,0.389084845548496,0.0205420439597219,0.271996694384143,0.10557224880904,0.468658761819825,0.251880405470729,0.97889956459403,0.145141984801739,0.191740557085723,1.65149227288151,0.00199120560058798,0.00465315051295022,0.303839421311557,0.581663991182496,-0.230291713976358,0.25642033639717,0.386557901510969,-0.978576508313374,-4.68979493355997,-7.21484268929616,-27.0800997589883,-12.8438805525451
"134",0,0.183656022651121,0.520335141103715,0.429314194712788,0.379554440733045,0.210572841577232,0.178334954893216,0.0489916976075619,0.0693389957305044,0.967047192621976,0.96908575296402,0.350889913272113,1.64182313262209,0.002408580465792,0.00888229926646314,0.288899514072514,0.578729819233,-0.247767901922978,0.33185542040118,0.786218459019437,13.3348851754938,-12.7323042534888,10.4953946593486,-31.8334753745163,-20.3323760345519
"135",0,0.813114545540884,0.21925333305262,0.578866859665141,0.544298672582954,0.920135888038203,0.559600724373013,0.633529164362699,0.507152845850214,0.946192699950188,0.297805900685489,0.290567315649241,1.63757972225407,0.00191966199713201,0.0143144465673011,0.291488975349636,0.574580758657498,-0.215905168653928,0.260039959219391,0.588105706963688,0.141769731179449,-12.9738604603181,-0.0443356327624769,-9.72156891005105,3.8834316177703
"136",0,0.881635409081355,0.229339828249067,0.593781207222492,0.802315337117761,0.377555852523074,0.707124289590865,0.83405505400151,0.92962273187004,0.233092985348776,0.548543275333941,0.0813578849192709,1.63781353918648,0.00157874450431937,0.0140660952294996,0.27934636954172,0.585284718817592,-0.231181264033163,0.384140929804128,0.957547400379553,13.7463413172178,8.07458672231966,6.54636703742925,-10.5257718393007,-14.4238760703984
"137",0,0.700614618835971,0.409301440929994,0.791097503388301,0.622177108423784,0.264315035426989,0.619914175011218,0.0243436286691576,0.657383016310632,0.820045054191723,0.315159177873284,0.629823622526601,1.63750220190507,0.00331854830883265,0.0105009180074597,0.294859924776345,0.579207839179344,-0.232283731852372,0.441577262934009,0.1253716731444,-6.64763788483086,-25.1412077252791,-2.95526877182782,6.65557962816642,-27.5010928445369
"138",0,0.276427360251546,0.931250903522596,0.190319640561938,0.0226931485813111,0.697715825168416,0.823671385413036,0.607051264261827,0.110578819876537,0.111751109594479,0.914796379394829,0.923574479296803,1.63806943938915,0.00193908057760817,0.00936004152714109,0.289620984448873,0.565786433870872,-0.252664854457004,0.326688845394259,0.358739882241935,10.4255525000469,2.92894794086671,15.1828745197108,-3.19639231385609,-3.67053389085907
"139",0,0.432004463626072,0.391895498149097,0.451347116148099,0.261442554183304,0.190873999614269,0.38313608057797,0.451197816058993,0.936130571877584,0.386916529620066,0.111638722708449,0.298015249893069,1.65433036314967,0.00228187014709737,0.00781721504495767,0.283568111080752,0.578796859808986,-0.24778894626089,0.311686221838876,0.656212615547702,5.50911930276484,6.97346926588375,7.10264611648243,-48.8238991919517,-32.011583010793
"140",0,0.0128159222658724,0.228162345243618,0.305541648296639,0.661449559498578,0.165098260389641,0.892373882466927,0.245178248966113,0.988160816719756,0.247322966810316,0.754719771211967,0.902524512726814,1.64952626102671,0.00176339061791193,0.0102353394217216,0.287693650027334,0.583911976933184,-0.232081497168335,0.290938330320013,0.505540027515963,-5.83458659653707,-18.0232003315342,24.117423811842,-40.5705143081198,-15.3746598029667
"141",0,0.563038276741281,0.963757814373821,0.843205419601873,0.824529678095132,0.116418900666758,0.193432961124927,0.819346717791632,0.335158557631075,0.143833035603166,0.418519658967853,0.775089832488447,1.6644109737112,0.002124780622148,0.0104754708574175,0.291994707771746,0.579292742100626,-0.241770791267688,0.35324025020728,0.880015192786232,-3.97086941714365,-18.8436195800841,-3.81790222320149,-28.2616252739593,-18.7755405240429
"142",0,0.670700266724452,0.0168415210209787,0.136173537466675,0.764789543580264,0.243495057569817,0.55862841126509,0.405145068187267,0.00689672259613872,0.68399076955393,0.349544701399282,0.386649837950245,1.64569824218691,0.00292238514562379,0.0101186877477517,0.298756208421,0.576355268364215,-0.243728806057561,0.183737278701971,0.480444586835802,10.2717867870169,-15.4588598348382,-0.523869693672255,-10.3660876337508,-12.7633607679386
"143",0,0.313602324109524,0.316284930566326,0.697625072440132,0.392550315707922,0.643440853571519,0.176822697743773,0.647142054745927,0.844321371056139,0.902261007810012,0.0844906312413514,0.399811530020088,1.6476529077,0.00354285793904194,0.0102706332136886,0.280739542368036,0.571469387672079,-0.231449103188713,0.25617566049707,0.055138737661764,-3.70248805950583,-22.3494109767832,5.50933381151558,-21.4904971286503,-0.843354540626267
"144",0,0.947543668560684,0.132699083536863,0.977166017517447,0.622553079621866,0.364687197841704,0.464651412097737,0.500345985870808,0.890544575173408,0.752249654382467,0.711668398464099,0.0427176309749484,1.65199526697883,0.00230766096069696,0.0108324432767271,0.288167696589763,0.583539652692142,-0.247098649981536,0.294054235291138,0.702255828306079,-3.74975892971797,-5.28241900883401,1.9856339581824,-17.6797402837789,-23.148666263424
"145",0,0.168803035514429,0.276001002872363,0.40905699878931,0.892852180637419,0.241951264208183,0.986572119174525,0.329747352050617,0.136116744019091,0.745386766502634,0.25481971167028,0.456954858498648,1.6467316951168,0.0026728109168394,0.0132910374397103,0.275515851407234,0.585385117283283,-0.222376406490082,0.37819544827885,0.206405752338469,-17.7308695987649,11.6171413369689,-7.942351236335,-10.2491825178925,7.3191305667114
"146",0,0.440414110431448,0.243848775047809,0.157980888616294,0.828659916063771,0.0243139134254307,0.219818169018254,0.0292472876608372,0.066225083777681,0.268672274891287,0.43902870058082,0.58559954399243,1.65333321472692,0.0016840219743766,0.0107426535261393,0.276562878425443,0.583476909390161,-0.192093114458827,0.238831955455192,0.612082477426156,-6.62898766540957,-0.323851650442515,10.6566463975792,-3.08411722829329,-18.8191330312556
"147",0,0.571626756573096,0.0119747563730925,0.433435696177185,0.144416321069002,0.33525688177906,0.634640492964536,0.938956866739318,0.63658129889518,0.298265831544995,0.989395092474297,0.0944476372096688,1.64173542685897,0.00124350741417003,0.0109104943420668,0.278036331189237,0.585212165284294,-0.243846285232991,0.335324702397562,0.747407774208114,-14.7565208737893,0.671865178184701,-9.0898753048739,-12.6797736930899,-31.5221241887571
"148",0,0.974653967190534,0.513932673959062,0.605621548835188,0.359390461584553,0.627511516446248,0.230451417854056,0.671369853895158,0.0267540554050356,0.661524774273857,0.397147686220706,0.369193917140365,1.66365487314136,0.00179925876217525,0.0110607911453707,0.294614497442792,0.581829819088016,-0.228296583639747,0.37794935019843,0.330158860655501,3.0609877614535,0.685590574675289,11.7702978240886,-17.9451376847259,-28.3904970583674
"149",0,0.764771067770198,0.953774427296594,0.00664240284822881,0.970494834240526,0.844642706913874,0.606447355123237,0.934100075159222,0.594268761575222,0.511089183390141,0.922408727696165,0.608052609721199,1.65052538464938,0.00196807167602694,0.011813584796252,0.293179535283441,0.585695944675013,-0.220387284837685,0.287850857873816,0.546771318651736,11.4037751200563,-10.073506381833,-5.77050577586479,-24.6480666016293,0.769183157216148
"150",0,0.443055097246543,0.0344665092416108,0.404259526636451,0.761469685705379,0.50722862710245,0.011721447808668,0.172285483684391,0.0231105780694634,0.214982859557495,0.609086887445301,0.970553675433621,1.64961963334091,0.00162424368415115,0.00932409895866374,0.285040025775315,0.574115318236866,-0.235566538075638,0.26433234176752,0.310754208127037,9.40690788993193,-8.92730076662347,-4.34208529227314,-17.2594577173689,-11.6531051292007
"151",0,0.355862457072362,0.528814713703468,0.273868634365499,0.121384853497148,0.66295015043579,0.136556843062863,0.649973816471174,0.96806254494004,0.935413613449782,0.606785119278356,0.236923269694671,1.66841504794246,0.00232653848875467,0.0107908277785684,0.295857769774755,0.578439602089285,-0.22969990782193,0.263938860999465,0.802071262383834,-4.61713445268148,-1.16555530235031,1.29148657979862,2.08788906685287,-16.4517594375944
"152",0,0.036456988658756,0.0396459365729243,0.870412566233426,0.685059452895075,0.547454982064664,0.88216005708091,0.237798512680456,0.464219602989033,0.134135067695752,0.739830724429339,0.646566510898992,1.63445149498668,0.00203374637401223,0.00928204753767334,0.27976550010867,0.583457176758113,-0.231486133253578,0.193753394230875,0.206932527013123,0.983968878319457,-19.2102608582339,1.34354538096075,9.91915603970792,-9.96892973569364
"153",0,0.593880393542349,0.329959828872234,0.512568039586768,0.662393559934571,0.907467848854139,0.194930823985487,0.668520847568288,0.889424022985622,0.552913408260792,0.246965750586241,0.268661919981241,1.65327496002449,0.0013042842764803,0.0150378378175408,0.282450726744168,0.587073500093851,-0.214099128024703,0.337701209943307,0.441424943972379,8.80729733465221,-30.2314843607343,-2.6098895254101,-24.4989231477074,-24.1435699804346
"154",0,0.961553275352344,0.54317634832114,0.416360241128132,0.39680939167738,0.533600506838411,0.476070615230128,0.210476802196354,0.0638473255094141,0.549082370242104,0.65345045295544,0.255720467073843,1.6261863856313,0.00195236178848873,0.0112808987938412,0.29413458744862,0.584205358923337,-0.234523588766905,0.373171036782766,0.51520946668461,-0.5874097115358,0.15663191270676,4.76177462136381,-38.6197432160831,-6.99634221063989
"155",0,0.252730440115556,0.734530542045832,0.889924107585102,0.049218202708289,0.851841132622212,0.191644958918914,0.0710267242975533,0.482542862184346,0.556570240762085,0.0871750076767057,0.0354737157467753,1.64323753664598,0.00146111068060301,0.00748907914495855,0.293246082512455,0.577919663167251,-0.233547898234832,0.376497871688835,0.549526969203725,-1.83431316847225,0.263401412774575,-0.774606796445638,-32.6827530121839,-12.4189623907429
"156",0,0.847206252859905,0.626379600726068,0.183647036086768,0.156910101184621,0.975497922860086,0.897911658277735,0.165145537815988,0.48907283693552,0.387972067808732,0.612185173900798,0.643407314782962,1.65480541177648,0.00255670068754116,0.00983470381914337,0.279895966879791,0.582177839456024,-0.213780633970723,0.244753798809447,0.596207441529259,-3.90965296128786,-0.615108936955107,10.7586239850076,-30.3717792512124,-14.9429885809077
"157",0,0.212781420908868,0.211914482759312,0.242208903422579,0.57020869012922,0.256906496128067,0.184101636754349,0.250402275938541,0.917488346341997,0.787622451316565,0.199626662302762,0.458391429390758,1.64380386589276,0.00287687136774484,0.0113117805296586,0.286763994801149,0.577043814855819,-0.232120362352202,0.324711491915711,0.733764989534393,5.89541848954579,-5.95052849888749,9.3841045664685,-23.237186745049,-5.55194211168339
"158",0,0.277890844736248,0.473586551612243,0.060728614917025,0.740180441178381,0.314706219127402,0.669193911366165,0.955264442134649,0.0222674543038011,0.208597081713378,0.471154097467661,0.919730865396559,1.63380550525603,0.00258101808809196,0.0123994706109583,0.297307776951848,0.580553672815617,-0.254054504356218,0.204739243723745,0.702301235403866,-5.95773599016207,-4.85281971858686,-6.21352811682691,-11.3072110717693,-15.0606507861426
"159",0,0.479385086800903,0.12966291140765,0.0662715323269367,0.442780453013256,0.0484797307290137,0.907811108510941,0.125202655326575,0.43945785285905,0.405194480204955,0.218341136816889,0.50650045950897,1.63492452918093,0.00336773821475866,0.0138588796312254,0.276013413520519,0.582964367768933,-0.224922739905742,0.487919177338594,0.270349303493276,2.91806158872423,-6.69384753465567,3.12600320778331,-5.76386346170666,-15.2198024784215
"160",0,0.77999979769811,0.3423707857728,0.20026387530379,0.491143806139007,0.171583185670897,0.876504717860371,0.598001352977008,0.422987723490223,0.566624471452087,0.0911161745898426,0.599517394788563,1.66099858663781,0.00150091855846037,0.00906487131251187,0.289913274821898,0.57972567672716,-0.222786547842443,0.149888559919523,0.196236746618524,3.49618520210205,-12.9449894046208,2.17667887083693,-28.8744008985401,-27.4680099968318
"161",0,0.900940360734239,0.152677804697305,0.410919228801504,0.990928991930559,0.0655253021977842,0.700789074646309,0.382705467753112,0.297716349130496,0.850214359816164,0.492736133281142,0.807374268537387,1.62899870229346,0.00292741875280069,0.0131900677508263,0.278596264060217,0.570797644182695,-0.219222651121773,0.311483638401971,0.0734058772213757,9.43310548890553,1.95819584185759,-10.5936669920018,-36.4194006312765,10.9601853707193
"162",0,0.943460653303191,0.303306829417124,0.788382103666663,0.742824901593849,0.452646700432524,0.328041173517704,0.550564831122756,0.904500300297514,0.700712967664003,0.839449820807204,0.475138534093276,1.65370143222104,0.00199452636932419,0.00770228664940556,0.288297485048643,0.578114802486388,-0.210203470555432,0.353272273558325,0.490888153435662,-8.85560107763461,-4.57992376547461,6.98195481814873,-12.2627908124173,-9.7792070852882
"163",0,0.41521517559886,0.528329665306956,0.49643482407555,0.888192123966292,0.622815029462799,0.685473127989098,0.606759061105549,0.0211021765135229,0.13821684429422,0.0545183296781033,0.379048122325912,1.64924973640193,0.00264635550682697,0.0122137136220212,0.288271606313451,0.577329352004809,-0.210983417774592,0.294532128791439,0.255922247190028,-5.54925731723199,-11.7061097382851,-3.59679203775213,-26.690357136921,-30.7515760102035
"164",0,0.33411023998633,0.415574491722509,0.277810470666736,0.274000151315704,0.406503572128713,0.307524546282366,0.573951704660431,0.240454215789214,0.907056981930509,0.226376286940649,0.82621566276066,1.66469069686461,0.00163616558358411,0.0101707677857511,0.28448018510622,0.583304157018837,-0.221025747775983,0.32273609697407,0.464355732314289,2.6088804430759,-13.5542940329991,-3.30528173703235,-28.3991228407458,-14.5193339276737
"165",0,0.282731729093939,0.648662188788876,0.0696555052418262,0.656631167978048,0.0288692903704941,0.564075684640557,0.662536974996328,0.623406724771485,0.674901298014447,0.52811909141019,0.166159468702972,1.64348815403961,0.00276609261320744,0.010421281670404,0.292320778826454,0.583245528764339,-0.218611357825399,0.214729092288204,0.175641742767766,3.59152268169213,-8.59738749590628,9.83231663070647,-21.6917544342216,-7.64551307485634
"166",0,0.0722215918358415,0.375499370973557,0.176864971639588,0.0275858400855213,0.679486773908138,0.134624684462324,0.511645258404315,0.982570116873831,0.469360402785242,0.924618280725554,0.867435237625614,1.64658767299541,0.00237002309357274,0.0130279887566013,0.286793773148696,0.582747390093046,-0.222866194865235,0.237058302268307,0.31767301261425,-2.6702070106563,-8.42633628729522,7.80773685541341,-7.88323146152961,-6.15190135663572
"167",0,0.0706824765074998,0.0523387230932713,0.0323193338699639,0.738141819601879,0.272520311176777,0.401802041102201,0.183796251891181,0.539924014126882,0.688300588401034,0.00591081799939275,0.835919425357133,1.64748382456588,0.00292343848437003,0.0131961592848228,0.297292739751009,0.578269659200913,-0.24131207835575,0.306553560640189,0.042686082655564,16.7081313547739,-6.05123770057559,-9.94244169826468,-25.2531248942566,-14.4453876505623
"168",0,0.158950168872252,0.0534243898000568,0.890597868245095,0.296435796190053,0.293519654078409,0.244549397611991,0.792209275066853,0.337619613390416,0.181135641643777,0.913619108498096,0.21906093810685,1.63153229334422,0.00179038440689314,0.0110566964138737,0.289607122418532,0.571277669678995,-0.235032686275442,0.194351847918973,0.391385965747759,-0.369021825758983,-20.4451075134531,20.9092070216483,-13.1377353200403,-10.219906146153
"169",0,0.150863158982247,0.971319034229964,0.198767775436863,0.1869773901999,0.362782530253753,0.213539863470942,0.772471622098237,0.787294194567949,0.178654968738556,0.248654397204518,0.3445585956797,1.63547946154305,0.00203997547203598,0.0111527130784897,0.285053471901516,0.585561373857148,-0.223301340288909,0.328785741630695,0.620286919409409,-9.68098912034219,-5.9948176081297,-7.57659019133998,-2.82704006103419,-27.2239213522398
"170",0,0.752092257607728,0.310500571271405,0.590738834114745,0.205722437007353,0.795580904465169,0.694397734478116,0.577342779375613,0.521126671461388,0.255485628731549,0.391391244949773,0.915802509058267,1.67423368241909,0.00223728910038671,0.0142024307628142,0.290231171091657,0.588333593941813,-0.219521230649062,0.335037066653049,0.285722605651245,6.47518779685778,-7.32672778604287,-32.882653230043,-21.5426320574317,-19.6136343700754
"171",0,0.0956870620138943,0.236940365051851,0.89539627218619,0.0942199507262558,0.15616341563873,0.966206297511235,0.914873395115137,0.0724792231339961,0.409006801899523,0.660362057154998,0.158688591560349,1.66109237287072,0.00220951286246713,0.00934154699864618,0.298306257184846,0.577127643304744,-0.22907334354096,0.452287891568742,0.999673577956855,0.240591080108781,9.34307348678431,4.57386251506152,-51.9684660402422,-17.6607355621962
"172",0,0.611492298077792,0.163294865051284,0.945073477225378,0.399241390405223,0.504908568924293,0.494118764996529,0.116965988650918,0.719447954325005,0.785953611601144,0.577515344368294,0.54502189392224,1.65259240058843,0.00159709397933371,0.0139143969833614,0.28143774488582,0.585138548338987,-0.225982656441594,0.4013277837049,0.74891960946843,-7.40479760258583,-13.7391061103525,14.667541920155,-24.9166739191912,-34.6183277135617
"173",0,0.200944477925077,0.648197887931019,0.0884275122079998,0.570690961554646,0.326923433691263,0.793400755850598,0.783101249020547,0.596748688491061,0.101660844637081,0.857437322149053,0.923545225523412,1.64266352572348,0.00278921101154606,0.0102984113255314,0.291084603895516,0.5845009451187,-0.221298677267876,0.358237203698085,0.452874871902168,-3.7359386433282,0.607997131228056,20.484859823167,-19.1956975388189,-17.2077902279735
"174",0,0.503317515831441,0.474967735586688,0.894755152985454,0.351391867036,0.8096477848012,0.947897455655038,0.908193422015756,0.196476643206552,0.0975061224307865,0.767509623197839,0.704937900649384,1.65129591545312,0.00197103486832289,0.0108326642197228,0.294360095688603,0.565379680720009,-0.241041259059024,0.311666265556647,0.607124300673604,1.69406764354918,-19.2836349139136,-7.99996900593103,-18.5246134645605,-9.35521468158744
"175",0,0.129100444726646,0.670336615527049,0.62696100701578,0.0772511474788189,0.807312291115522,0.765902692219242,0.0046795376110822,0.601224404759705,0.512676000129431,0.110709081403911,0.0658491880167276,1.64542040457085,0.00252051453546988,0.0117813486050019,0.287940338993615,0.575635218837244,-0.222968429325013,0.296968223126942,0.125935941236094,-3.78097057789341,-13.665374613682,-2.91575198940042,-13.4312902249441,-25.1230331641205
"176",0,0.00292278453707695,0.347528383135796,0.0160485110245645,0.19110691617243,0.251059732632712,0.417245890246704,0.707233387511224,0.713329093065113,0.123015401884913,0.868375977501273,0.492806878639385,1.66194644817255,0.00203229437914054,0.0123834061732191,0.287761812053541,0.587199366435694,-0.225176187022597,0.19793215048939,0.75768649764359,-13.7400234849389,-8.49710650549617,2.4875653672269,-23.7366744761064,-12.3100837511186
"177",0,0.643842284800485,0.601536380127072,0.54728112812154,0.0663306238129735,0.531529071973637,0.42545033688657,0.0741540638264269,0.216120599303395,0.772033690242097,0.608851725934073,0.138136939844117,1.63682151568592,0.00274775245038241,0.0115888718531013,0.276906259558374,0.583668626563167,-0.239655625506756,0.274145595697764,0.327690517995507,-5.89030911567554,-17.2074321193304,5.8472906941608,-36.2973764062057,-0.560255397906667
"178",0,0.241036388324574,0.748451185645536,0.0299721262417734,0.37589345802553,0.0894810182508081,0.268023912329227,0.449693348724395,0.526758979074657,0.4835868421942,0.76679827272892,0.639267603866756,1.64800336290792,0.00252736498247858,0.0159209358730844,0.303436812325223,0.582305785059213,-0.229984648522433,0.238972174491544,0.407083133002743,-5.20373809921459,-6.07537240970905,17.7917731305894,-15.9558785278526,-8.29618610968363
"179",0,0.420035355724394,0.428792764199898,0.742029909510165,0.141098166583106,0.252523779403418,0.751749513205141,0.541707922937348,0.561613941332325,0.154440691694617,0.40647271159105,0.154162148945034,1.64511876528192,0.00214859895044288,0.0128941950784781,0.287120028506012,0.577906238917781,-0.239105163381254,0.255580906527766,0.948275979375467,0.628033227626022,-6.77046179325617,5.41844054333259,-20.6861054226398,-29.6346455987358
"180",0,0.7154276734218,0.213335819542408,0.798387698363513,0.318266005488113,0.689782714936882,0.0261163355316967,0.0695439781993628,0.197172343730927,0.629655553493649,0.455123136518523,0.724741612095386,1.64576399454457,0.00249044114044648,0.0136205951766599,0.280345966288231,0.583896949299088,-0.2526530766697,0.243682598155607,0.37208096543327,-5.76729843041502,-1.04418363553305,12.7349207291034,-9.06173836331495,-34.0211293728815
"181",0,0.100684681907296,0.2450569444336,0.752259644446895,0.556377469794825,0.457234862726182,0.696765494532883,0.580814206041396,0.879571958212182,0.0329068547580391,0.353174817748368,0.612042699242011,1.65243805819268,0.00299454539994336,0.0105379081739448,0.287407283188196,0.574159520137818,-0.236918438210909,0.31611032135815,0.415783138945699,5.9477766187329,-5.88271275933151,12.0693324602072,-6.52255729428978,-11.8618091732102
"182",0,0.606836844468489,0.930962778162211,0.164628109894693,0.04324229224585,0.50420024828054,0.444498475175351,0.744124073069543,0.279562180396169,0.576086988905445,0.397966295713559,0.313560326350853,1.64448816912265,0.00242268611780645,0.0109458273121892,0.281906763384545,0.573922138004113,-0.22002731787612,0.265423885769925,0.259908735752106,-13.0975297746488,-0.531720919220042,16.3364237294274,-40.1162472023416,-3.353033528198
"183",0,0.212431624298915,0.499831319320947,0.994090720079839,0.603414393495768,0.682675836374983,0.470520429778844,0.264731823001057,0.943442097399384,0.406704382505268,0.996551519492641,0.791888810461387,1.64543506819419,0.00148665047032969,0.00913746750426081,0.29690983417574,0.583144478118306,-0.227494499665646,0.505769416320424,0.596589419525117,1.97342399091037,-3.95346747521646,-8.34782672480079,-1.01027416540636,-12.7942177094092
"184",0,0.89474075101316,0.989130817120895,0.0590949978213757,0.0680138834286481,0.461190031142905,0.587546070804819,0.514290519990027,0.966858222149312,0.221770717296749,0.668465674621984,0.823440994601697,1.63882885474716,0.00268832463397258,0.0102931262195489,0.278070134494351,0.574833373907053,-0.227442299559142,0.197375659343091,0.161373081617057,6.23892591675786,-5.46707558285031,13.9702852473957,-9.55808252904336,-0.430677630743576
"185",0,0.563198033720255,0.714160640258342,0.618874062551185,0.883744721766561,0.201336574973539,0.868376053636894,0.142252470832318,0.949270598590374,0.784020426683128,0.469558708602563,0.791481128893793,1.64692048893267,0.00236303371361904,0.0111563329462253,0.283584624800486,0.566050084989692,-0.241562041106925,0.257427702920027,0.786808412056416,2.80446299669333,-5.29496222989003,21.1439697696848,-7.16611083447081,-8.08788826383289
"186",0,0.247724784072489,0.710492335725576,0.0383281246758997,0.553300461731851,0.0336305575910956,0.57059380155988,0.754892031662166,0.702405365183949,0.7827357952483,0.354657454881817,0.590159747749567,1.65255151428437,0.00242259293764406,0.0126241856342571,0.283678196295676,0.586011788087517,-0.235124995105433,0.266794098851577,0.57147980760783,-11.4687506156754,-14.5685247342253,-16.7607954959867,-29.1305967022706,-21.6774989074701
"187",0,0.730655817780644,0.113380027934909,0.253405756317079,0.0458119548857212,0.665717020863667,0.749691406730562,0.17909346637316,0.880010453984141,0.549783753696829,0.727485375711694,0.196290367050096,1.64934958034982,0.00312786096419532,0.0125859881091989,0.288655026941242,0.585245807109319,-0.240035440931632,0.287555410832987,0.130378939211369,3.69269175863442,-7.05375697323716,-17.4858842235689,-13.5041637345794,-7.07228604063247
"188",0,0.266332316910848,0.705912620993331,0.561199491145089,0.196483991807327,0.425840408541262,0.0527904476039112,0.569097618106753,0.263098972616717,0.475134246749803,0.175367511808872,0.572874736739323,1.64308204768682,0.00144092266147094,0.0108540752714317,0.290679313991463,0.576316754683662,-0.227413583641791,0.308177112015426,0.0923872007988393,-4.04972965401351,-6.72304555855874,-13.3600773182854,-26.394464620933,-5.18225467110486
"189",0,0.754257221473381,0.364607045426965,0.525099169462919,0.594853231450543,0.259165423922241,0.107052705483511,0.441721379524097,0.304325010627508,0.973888305248693,0.157227740390226,0.813439770368859,1.63494634970729,0.001554435601813,0.0129848264857653,0.29378329606888,0.578983050335507,-0.231068857032293,0.22238200915384,0.10463809221983,-15.9767963199387,-9.03517765603515,27.388651981118,2.42828382741526,-22.6373400364371
"190",0,0.957943279761821,0.215284388512373,0.960490948986262,0.464475178625435,0.372129019582644,0.759947465732694,0.292114888783544,0.323345214826986,0.968272030353546,0.58846244495362,0.806630581617355,1.6400814958324,0.00238101870520425,0.0113322585129762,0.277857666492287,0.579699311225049,-0.235132152000838,0.347341444884899,0.360123076243326,-1.68289999135313,2.95395964220433,15.7044421766107,-33.2714186482907,-27.0259900022739
"191",0,0.48123628180474,0.25778247998096,0.117483137873933,0.130394765874371,0.717911195941269,0.290828405879438,0.752749946666881,0.49731752416119,0.643114600796252,0.611610430991277,0.61102268868126,1.66141937093027,0.00189662720474564,0.00966666975955415,0.282086537431234,0.576112408908857,-0.240593283205865,0.376446168156357,0.770793480798602,4.42885863293942,1.82126403413461,1.98892036109325,-28.2854539589229,-17.9193263351059
"192",0,0.909494666615501,0.109762067440897,0.839688370702788,0.58278794400394,0.157618428114802,0.516636176966131,0.749312655068934,0.422281271312386,0.705728225409985,0.967820989899337,0.770523717394099,1.64160569926833,0.00195942829102517,0.015738630399933,0.306855808218307,0.564447933225567,-0.229313408011293,0.194071263113306,0.152778200339526,-6.20567179606994,6.06172308813238,6.62922580007272,-26.6670033125214,-14.8625090625248
"193",0,0.990105426637456,0.186842585215345,0.337058874545619,0.197606584057212,0.463829966494814,0.774204342626035,0.169979281723499,0.119317635660991,0.127457944210619,0.233633737079799,0.0431822990067303,1.67408597502226,0.00212770484887986,0.0123333406894561,0.296216024772765,0.591059386261976,-0.205628789385351,0.417739718948677,0.182575977640226,-13.5079956258149,-2.32416584091438,4.41135875956972,-9.47115133911137,-30.6146255736183
"194",0,0.232417264487594,0.939971460960805,0.393936529522762,0.142512632999569,0.447325117886066,0.540236126864329,0.308515182230622,0.992004297906533,0.742495431331918,0.454808946233243,0.789749662159011,1.66726464809548,0.00226704982233923,0.0143655287183524,0.287108316138006,0.58554362304373,-0.242968165872118,0.362688823795727,0.247300344053656,6.51695543546798,-11.6002807919836,7.93101511354942,-31.4486123550652,-15.6764765378861
"195",0,0.281778582138941,0.930166186299175,0.22734456253238,0.36740446370095,0.431391903199255,0.0348886700812727,0.407446871977299,0.0702552380971611,0.650928404415026,0.611617599846795,0.244014044292271,1.64169269783639,0.00259222209329828,0.0106062796083476,0.287044357520893,0.574124368394437,-0.199630513255323,0.268534078413481,0.745958876330405,1.58756209621343,-2.98026859009286,0.00435383488533359,3.77635542475063,-20.2540360905682
"196",0,0.703925271052867,0.284646669402719,0.788900741841644,0.739501317497343,0.879957405151799,0.995104560162872,0.981603584252298,0.627262326423079,0.160818519536406,0.343260055175051,0.847059107618406,1.64303350650744,0.00213256595802261,0.0134004983239378,0.284536322876074,0.57628954138113,-0.221470152715252,0.272662658548345,0.88640907080844,3.3095777143886,-0.989319455540032,-26.6941238038705,4.12775406857714,0.310969396572057
"197",0,0.833597430493683,0.115950719220564,0.449736438691616,0.476192874601111,0.323007155675441,0.387938112718984,0.263989182887599,0.732672743033618,0.418163749855012,0.46221445989795,0.540974536212161,1.65841098551553,0.00217816235106521,0.00929424997075961,0.284667057912471,0.589205407812759,-0.242411487925976,0.329024558243091,0.82725988747552,2.8291289109919,7.66337258346597,0.858823967429521,-29.9897795618332,-26.5823997200466
"198",0,0.465678904671222,0.471923038363457,0.380452974699438,0.79418984754011,0.0828605047427118,0.474811049178243,0.110114975599572,0.85724584874697,0.317890871316195,0.735097663477063,0.330822637071833,1.64473306872896,0.00285507181035916,0.0100910221614522,0.291041939846482,0.564092064182843,-0.225125611927394,0.335474212829875,0.053573151351884,8.42469482935561,-0.916828267618514,19.4687268304791,-30.4849652237099,-7.77685820894351
"199",0,0.390684430953115,0.959983518812805,0.154180522309616,0.438851742073894,0.280403035227209,0.359259760240093,0.660501451697201,0.811796730384231,0.34254320897162,0.302881749114022,0.201632681302726,1.6449780254625,0.00186159373696301,0.010229205848374,0.295563488210204,0.587040909724925,-0.246707824561368,0.333876971275108,0.198435351718217,7.94594744863379,-0.258231120881082,8.98466720919539,-17.8372683321641,-14.538185087839
"200",0,0.0938881819602102,0.660062434384599,0.000740036368370056,0.798496818868443,0.375374500406906,0.213453234639019,0.94390144594945,0.777398593025282,0.137015921529382,0.661292623961344,0.645966544747353,1.66624314192489,0.00175565441594463,0.0122232403276058,0.283466137134879,0.570112403550925,-0.232750500800897,0.267545950742643,0.203086173161864,7.86371860691066,-8.95933493820519,14.1938832358736,-19.1653680244348,1.21442805612693
